Time (%),Total Time (ns),Instances,Avg (ns),Med (ns),Min (ns),Max (ns),StdDev (ns),Style,Range
44.4,66625256,1,66625256.0,66625256.0,66625256,66625256,0.0,PushPop,:prefill_S2048
1.4,2160998,1,2160998.0,2160998.0,2160998,2160998,0.0,PushPop,:model.layers.0
1.4,2074669,1,2074669.0,2074669.0,2074669,2074669,0.0,PushPop,:model.layers.3
1.4,2056810,1,2056810.0,2056810.0,2056810,2056810,0.0,PushPop,:model.layers.27
1.3,2021249,1,2021249.0,2021249.0,2021249,2021249,0.0,PushPop,:model.layers.17
1.3,1968690,1,1968690.0,1968690.0,1968690,1968690,0.0,PushPop,:model.layers.14
1.3,1937109,1,1937109.0,1937109.0,1937109,1937109,0.0,PushPop,:model.layers.18
1.3,1909470,1,1909470.0,1909470.0,1909470,1909470,0.0,PushPop,:model.layers.9
1.3,1898000,1,1898000.0,1898000.0,1898000,1898000,0.0,PushPop,:model.layers.7
1.2,1782581,1,1782581.0,1782581.0,1782581,1782581,0.0,PushPop,:model.layers.5
1.2,1778411,1,1778411.0,1778411.0,1778411,1778411,0.0,PushPop,:model.layers.1
1.2,1740111,1,1740111.0,1740111.0,1740111,1740111,0.0,PushPop,:model.layers.20
1.2,1738920,1,1738920.0,1738920.0,1738920,1738920,0.0,PushPop,:model.layers.21
1.2,1736571,1,1736571.0,1736571.0,1736571,1736571,0.0,PushPop,:model.layers.19
1.2,1734911,1,1734911.0,1734911.0,1734911,1734911,0.0,PushPop,:model.layers.4
1.2,1727561,1,1727561.0,1727561.0,1727561,1727561,0.0,PushPop,:model.layers.22
1.2,1725261,1,1725261.0,1725261.0,1725261,1725261,0.0,PushPop,:model.layers.26
1.1,1721560,1,1721560.0,1721560.0,1721560,1721560,0.0,PushPop,:model.layers.2
1.1,1717520,1,1717520.0,1717520.0,1717520,1717520,0.0,PushPop,:model.layers.6
1.1,1711041,1,1711041.0,1711041.0,1711041,1711041,0.0,PushPop,:model.layers.25
1.1,1705731,1,1705731.0,1705731.0,1705731,1705731,0.0,PushPop,:model.layers.12
1.1,1704751,1,1704751.0,1704751.0,1704751,1704751,0.0,PushPop,:model.layers.8
1.1,1701831,1,1701831.0,1701831.0,1701831,1701831,0.0,PushPop,:model.layers.13
1.1,1701640,1,1701640.0,1701640.0,1701640,1701640,0.0,PushPop,:model.layers.16
1.1,1691911,1,1691911.0,1691911.0,1691911,1691911,0.0,PushPop,:model.layers.24
1.1,1690191,1,1690191.0,1690191.0,1690191,1690191,0.0,PushPop,:model.layers.23
1.1,1685811,1,1685811.0,1685811.0,1685811,1685811,0.0,PushPop,:model.layers.11
1.1,1685651,1,1685651.0,1685651.0,1685651,1685651,0.0,PushPop,:model.layers.15
1.1,1678461,1,1678461.0,1678461.0,1678461,1678461,0.0,PushPop,:model.layers.10
0.4,609706,1,609706.0,609706.0,609706,609706,0.0,PushPop,:model.rotary_emb
0.3,422128,1,422128.0,422128.0,422128,422128,0.0,PushPop,:model.layers.14.self_attn.k_norm
0.2,370018,1,370018.0,370018.0,370018,370018,0.0,PushPop,:model.layers.9.post_attention_layernorm
0.2,320039,1,320039.0,320039.0,320039,320039,0.0,PushPop,:model.embed_tokens
0.2,273629,1,273629.0,273629.0,273629,273629,0.0,PushPop,:model.layers.3.mlp.up_proj
0.2,263318,1,263318.0,263318.0,263318,263318,0.0,PushPop,:model.layers.0.input_layernorm
0.1,216768,1,216768.0,216768.0,216768,216768,0.0,PushPop,:model.layers.17.post_attention_layernorm
0.1,212189,1,212189.0,212189.0,212189,212189,0.0,PushPop,:model.layers.0.self_attn.q_norm
0.1,211209,1,211209.0,211209.0,211209,211209,0.0,PushPop,:model.layers.17.self_attn.k_norm
0.1,200799,1,200799.0,200799.0,200799,200799,0.0,PushPop,:model.layers.17.self_attn.q_norm
0.1,200729,1,200729.0,200729.0,200729,200729,0.0,PushPop,:model.layers.13.self_attn.k_norm
0.1,199798,1,199798.0,199798.0,199798,199798,0.0,PushPop,:model.layers.27.self_attn.k_norm
0.1,194979,1,194979.0,194979.0,194979,194979,0.0,PushPop,:model.layers.18.post_attention_layernorm
0.1,192249,1,192249.0,192249.0,192249,192249,0.0,PushPop,:model.layers.4.post_attention_layernorm
0.1,192119,1,192119.0,192119.0,192119,192119,0.0,PushPop,:model.layers.2.self_attn.q_norm
0.1,191839,1,191839.0,191839.0,191839,191839,0.0,PushPop,:model.layers.0.post_attention_layernorm
0.1,191159,1,191159.0,191159.0,191159,191159,0.0,PushPop,:model.layers.19.self_attn.k_norm
0.1,189289,1,189289.0,189289.0,189289,189289,0.0,PushPop,:model.layers.4.self_attn.q_norm
0.1,188819,1,188819.0,188819.0,188819,188819,0.0,PushPop,:model.layers.6.post_attention_layernorm
0.1,188730,1,188730.0,188730.0,188730,188730,0.0,PushPop,:model.layers.21.input_layernorm
0.1,188199,1,188199.0,188199.0,188199,188199,0.0,PushPop,:model.layers.1.input_layernorm
0.1,186719,1,186719.0,186719.0,186719,186719,0.0,PushPop,:model.layers.16.post_attention_layernorm
0.1,183249,1,183249.0,183249.0,183249,183249,0.0,PushPop,:model.layers.25.input_layernorm
0.1,182469,1,182469.0,182469.0,182469,182469,0.0,PushPop,:model.layers.8.post_attention_layernorm
0.1,182399,1,182399.0,182399.0,182399,182399,0.0,PushPop,:model.layers.2.post_attention_layernorm
0.1,182249,1,182249.0,182249.0,182249,182249,0.0,PushPop,:model.layers.6.self_attn.q_norm
0.1,182150,1,182150.0,182150.0,182150,182150,0.0,PushPop,:model.layers.6.input_layernorm
0.1,181779,1,181779.0,181779.0,181779,181779,0.0,PushPop,:model.layers.11.input_layernorm
0.1,180799,1,180799.0,180799.0,180799,180799,0.0,PushPop,:model.layers.7.self_attn.k_norm
0.1,180770,1,180770.0,180770.0,180770,180770,0.0,PushPop,:model.layers.26.input_layernorm
0.1,180419,1,180419.0,180419.0,180419,180419,0.0,PushPop,:model.layers.11.self_attn.k_norm
0.1,180379,1,180379.0,180379.0,180379,180379,0.0,PushPop,:model.layers.8.self_attn.q_norm
0.1,180189,1,180189.0,180189.0,180189,180189,0.0,PushPop,:model.layers.26.post_attention_layernorm
0.1,179890,1,179890.0,179890.0,179890,179890,0.0,PushPop,:model.layers.22.post_attention_layernorm
0.1,179649,1,179649.0,179649.0,179649,179649,0.0,PushPop,:model.layers.25.post_attention_layernorm
0.1,178969,1,178969.0,178969.0,178969,178969,0.0,PushPop,:model.layers.9.self_attn.k_norm
0.1,178889,1,178889.0,178889.0,178889,178889,0.0,PushPop,:model.layers.24.input_layernorm
0.1,177929,1,177929.0,177929.0,177929,177929,0.0,PushPop,:model.layers.22.input_layernorm
0.1,177249,1,177249.0,177249.0,177249,177249,0.0,PushPop,:model.layers.4.self_attn.k_norm
0.1,177179,1,177179.0,177179.0,177179,177179,0.0,PushPop,:model.layers.12.post_attention_layernorm
0.1,177159,1,177159.0,177159.0,177159,177159,0.0,PushPop,:model.layers.15.self_attn.k_norm
0.1,176689,1,176689.0,176689.0,176689,176689,0.0,PushPop,:model.layers.7.self_attn.q_norm
0.1,176339,1,176339.0,176339.0,176339,176339,0.0,PushPop,:model.layers.12.self_attn.q_norm
0.1,175699,1,175699.0,175699.0,175699,175699,0.0,PushPop,:model.layers.20.post_attention_layernorm
0.1,175479,1,175479.0,175479.0,175479,175479,0.0,PushPop,:model.layers.26.self_attn.q_norm
0.1,175249,1,175249.0,175249.0,175249,175249,0.0,PushPop,:model.layers.20.self_attn.k_norm
0.1,174049,1,174049.0,174049.0,174049,174049,0.0,PushPop,:model.layers.21.self_attn.q_norm
0.1,171249,1,171249.0,171249.0,171249,171249,0.0,PushPop,:model.layers.9.input_layernorm
0.1,171150,1,171150.0,171150.0,171150,171150,0.0,PushPop,:model.layers.12.input_layernorm
0.1,170349,1,170349.0,170349.0,170349,170349,0.0,PushPop,:model.layers.15.self_attn.q_norm
0.1,170279,1,170279.0,170279.0,170279,170279,0.0,PushPop,:model.layers.3.self_attn.k_norm
0.1,170259,1,170259.0,170259.0,170259,170259,0.0,PushPop,:model.layers.22.self_attn.q_norm
0.1,170129,1,170129.0,170129.0,170129,170129,0.0,PushPop,:model.layers.0.self_attn.k_norm
0.1,169829,1,169829.0,169829.0,169829,169829,0.0,PushPop,:model.layers.21.self_attn.k_norm
0.1,169409,1,169409.0,169409.0,169409,169409,0.0,PushPop,:model.layers.13.self_attn.q_norm
0.1,169380,1,169380.0,169380.0,169380,169380,0.0,PushPop,:model.layers.3.input_layernorm
0.1,169289,1,169289.0,169289.0,169289,169289,0.0,PushPop,:model.layers.5.input_layernorm
0.1,168649,1,168649.0,168649.0,168649,168649,0.0,PushPop,:model.layers.26.self_attn.k_norm
0.1,168469,1,168469.0,168469.0,168469,168469,0.0,PushPop,:model.layers.5.self_attn.q_norm
0.1,168229,1,168229.0,168229.0,168229,168229,0.0,PushPop,:model.layers.7.input_layernorm
0.1,167000,1,167000.0,167000.0,167000,167000,0.0,PushPop,:model.layers.1.self_attn.q_norm
0.1,165759,1,165759.0,165759.0,165759,165759,0.0,PushPop,:model.layers.18.self_attn.k_norm
0.1,165469,1,165469.0,165469.0,165469,165469,0.0,PushPop,:model.layers.10.input_layernorm
0.1,165439,1,165439.0,165439.0,165439,165439,0.0,PushPop,:model.layers.23.self_attn.k_norm
0.1,165279,1,165279.0,165279.0,165279,165279,0.0,PushPop,:model.layers.20.input_layernorm
0.1,165159,1,165159.0,165159.0,165159,165159,0.0,PushPop,:model.layers.4.input_layernorm
0.1,165009,1,165009.0,165009.0,165009,165009,0.0,PushPop,:model.layers.16.input_layernorm
0.1,164969,1,164969.0,164969.0,164969,164969,0.0,PushPop,:model.layers.1.post_attention_layernorm
0.1,164569,1,164569.0,164569.0,164569,164569,0.0,PushPop,:model.layers.10.self_attn.q_norm
0.1,164459,1,164459.0,164459.0,164459,164459,0.0,PushPop,:model.layers.15.input_layernorm
0.1,164169,1,164169.0,164169.0,164169,164169,0.0,PushPop,:model.layers.2.input_layernorm
0.1,164030,1,164030.0,164030.0,164030,164030,0.0,PushPop,:model.norm
0.1,163899,1,163899.0,163899.0,163899,163899,0.0,PushPop,:model.layers.5.post_attention_layernorm
0.1,163859,1,163859.0,163859.0,163859,163859,0.0,PushPop,:model.layers.10.post_attention_layernorm
0.1,163749,1,163749.0,163749.0,163749,163749,0.0,PushPop,:model.layers.14.input_layernorm
0.1,163669,1,163669.0,163669.0,163669,163669,0.0,PushPop,:model.layers.5.self_attn.k_norm
0.1,163619,1,163619.0,163619.0,163619,163619,0.0,PushPop,:model.layers.14.post_attention_layernorm
0.1,163579,1,163579.0,163579.0,163579,163579,0.0,PushPop,:model.layers.13.input_layernorm
0.1,163399,1,163399.0,163399.0,163399,163399,0.0,PushPop,:model.layers.8.input_layernorm
0.1,163369,1,163369.0,163369.0,163369,163369,0.0,PushPop,:model.layers.23.self_attn.q_norm
0.1,163360,1,163360.0,163360.0,163360,163360,0.0,PushPop,:model.layers.7.post_attention_layernorm
0.1,163348,1,163348.0,163348.0,163348,163348,0.0,PushPop,:model.layers.17.input_layernorm
0.1,163329,1,163329.0,163329.0,163329,163329,0.0,PushPop,:model.layers.2.self_attn.k_norm
0.1,163259,1,163259.0,163259.0,163259,163259,0.0,PushPop,:model.layers.15.post_attention_layernorm
0.1,163069,1,163069.0,163069.0,163069,163069,0.0,PushPop,:model.layers.14.self_attn.q_norm
0.1,162999,1,162999.0,162999.0,162999,162999,0.0,PushPop,:model.layers.18.self_attn.q_norm
0.1,162979,1,162979.0,162979.0,162979,162979,0.0,PushPop,:model.layers.3.self_attn.q_norm
0.1,162939,1,162939.0,162939.0,162939,162939,0.0,PushPop,:model.layers.19.input_layernorm
0.1,162829,1,162829.0,162829.0,162829,162829,0.0,PushPop,:model.layers.16.self_attn.q_norm
0.1,162739,1,162739.0,162739.0,162739,162739,0.0,PushPop,:model.layers.27.input_layernorm
0.1,162579,1,162579.0,162579.0,162579,162579,0.0,PushPop,:model.layers.11.self_attn.q_norm
0.1,162288,1,162288.0,162288.0,162288,162288,0.0,PushPop,:model.layers.9.self_attn.q_norm
0.1,162059,1,162059.0,162059.0,162059,162059,0.0,PushPop,:model.layers.21.post_attention_layernorm
0.1,161999,1,161999.0,161999.0,161999,161999,0.0,PushPop,:model.layers.18.input_layernorm
0.1,161969,1,161969.0,161969.0,161969,161969,0.0,PushPop,:model.layers.1.self_attn.k_norm
0.1,161599,1,161599.0,161599.0,161599,161599,0.0,PushPop,:model.layers.11.post_attention_layernorm
0.1,161599,1,161599.0,161599.0,161599,161599,0.0,PushPop,:model.layers.19.post_attention_layernorm
0.1,161560,1,161560.0,161560.0,161560,161560,0.0,PushPop,:model.layers.24.post_attention_layernorm
0.1,161549,1,161549.0,161549.0,161549,161549,0.0,PushPop,:model.layers.13.post_attention_layernorm
0.1,161510,1,161510.0,161510.0,161510,161510,0.0,PushPop,:model.layers.23.post_attention_layernorm
0.1,161409,1,161409.0,161409.0,161409,161409,0.0,PushPop,:model.layers.3.post_attention_layernorm
0.1,161349,1,161349.0,161349.0,161349,161349,0.0,PushPop,:model.layers.23.input_layernorm
0.1,161309,1,161309.0,161309.0,161309,161309,0.0,PushPop,:model.layers.27.post_attention_layernorm
0.1,161119,1,161119.0,161119.0,161119,161119,0.0,PushPop,:model.layers.20.self_attn.q_norm
0.1,160859,1,160859.0,160859.0,160859,160859,0.0,PushPop,:model.layers.19.self_attn.q_norm
0.1,160639,1,160639.0,160639.0,160639,160639,0.0,PushPop,:model.layers.24.self_attn.q_norm
0.1,160510,1,160510.0,160510.0,160510,160510,0.0,PushPop,:model.layers.25.self_attn.q_norm
0.1,159559,1,159559.0,159559.0,159559,159559,0.0,PushPop,:model.layers.27.self_attn.q_norm
0.1,159409,1,159409.0,159409.0,159409,159409,0.0,PushPop,:model.layers.10.self_attn.k_norm
0.1,159209,1,159209.0,159209.0,159209,159209,0.0,PushPop,:model.layers.8.self_attn.k_norm
0.1,159169,1,159169.0,159169.0,159169,159169,0.0,PushPop,:model.layers.25.self_attn.k_norm
0.1,158740,1,158740.0,158740.0,158740,158740,0.0,PushPop,:model.layers.6.self_attn.k_norm
0.1,158270,1,158270.0,158270.0,158270,158270,0.0,PushPop,:model.layers.22.self_attn.k_norm
0.1,158009,1,158009.0,158009.0,158009,158009,0.0,PushPop,:model.layers.12.self_attn.k_norm
0.1,157999,1,157999.0,157999.0,157999,157999,0.0,PushPop,:model.layers.16.self_attn.k_norm
0.1,157589,1,157589.0,157589.0,157589,157589,0.0,PushPop,:model.layers.24.self_attn.k_norm
0.1,138650,1,138650.0,138650.0,138650,138650,0.0,PushPop,:model.layers.0.self_attn.q_proj
0.1,87289,1,87289.0,87289.0,87289,87289,0.0,PushPop,:model.layers.17.self_attn.k_proj
0.1,80329,1,80329.0,80329.0,80329,80329,0.0,PushPop,:model.layers.16.self_attn.q_proj
0.1,80059,1,80059.0,80059.0,80059,80059,0.0,PushPop,:model.layers.0.self_attn.o_proj
0.1,79459,1,79459.0,79459.0,79459,79459,0.0,PushPop,:model.layers.8.mlp.gate_proj
0.1,78189,1,78189.0,78189.0,78189,78189,0.0,PushPop,:model.layers.14.self_attn.o_proj
0.1,76680,1,76680.0,76680.0,76680,76680,0.0,PushPop,:model.layers.18.self_attn.o_proj
0.1,75080,1,75080.0,75080.0,75080,75080,0.0,PushPop,:model.layers.14.self_attn.q_proj
0.0,74919,1,74919.0,74919.0,74919,74919,0.0,PushPop,:model.layers.4.mlp.down_proj
0.0,74809,1,74809.0,74809.0,74809,74809,0.0,PushPop,:model.layers.16.self_attn.o_proj
0.0,74290,1,74290.0,74290.0,74290,74290,0.0,PushPop,:model.layers.22.self_attn.q_proj
0.0,73930,1,73930.0,73930.0,73930,73930,0.0,PushPop,:model.layers.17.mlp.down_proj
0.0,73399,1,73399.0,73399.0,73399,73399,0.0,PushPop,:model.layers.21.mlp.gate_proj
0.0,72970,1,72970.0,72970.0,72970,72970,0.0,PushPop,:model.layers.1.self_attn.q_proj
0.0,72850,1,72850.0,72850.0,72850,72850,0.0,PushPop,:model.layers.25.mlp.gate_proj
0.0,71150,1,71150.0,71150.0,71150,71150,0.0,PushPop,:model.layers.12.self_attn.q_proj
0.0,71040,1,71040.0,71040.0,71040,71040,0.0,PushPop,:model.layers.2.mlp.gate_proj
0.0,70740,1,70740.0,70740.0,70740,70740,0.0,PushPop,:model.layers.7.self_attn.o_proj
0.0,70419,1,70419.0,70419.0,70419,70419,0.0,PushPop,:model.layers.19.mlp.gate_proj
0.0,70029,1,70029.0,70029.0,70029,70029,0.0,PushPop,:model.layers.23.mlp.gate_proj
0.0,69970,1,69970.0,69970.0,69970,69970,0.0,PushPop,:model.layers.20.mlp.down_proj
0.0,68930,1,68930.0,68930.0,68930,68930,0.0,PushPop,:model.layers.18.mlp.down_proj
0.0,68730,1,68730.0,68730.0,68730,68730,0.0,PushPop,:model.layers.17.self_attn.q_proj
0.0,68040,1,68040.0,68040.0,68040,68040,0.0,PushPop,:model.layers.17.self_attn.o_proj
0.0,66900,1,66900.0,66900.0,66900,66900,0.0,PushPop,:model.layers.16.mlp.down_proj
0.0,66200,1,66200.0,66200.0,66200,66200,0.0,PushPop,:model.layers.0.self_attn.k_proj
0.0,65990,1,65990.0,65990.0,65990,65990,0.0,PushPop,:model.layers.18.self_attn.k_proj
0.0,65810,1,65810.0,65810.0,65810,65810,0.0,PushPop,:model.layers.24.self_attn.v_proj
0.0,65800,1,65800.0,65800.0,65800,65800,0.0,PushPop,:model.layers.21.self_attn.k_proj
0.0,65020,1,65020.0,65020.0,65020,65020,0.0,PushPop,:model.layers.1.mlp.up_proj
0.0,64999,1,64999.0,64999.0,64999,64999,0.0,PushPop,:model.layers.23.self_attn.k_proj
0.0,64950,1,64950.0,64950.0,64950,64950,0.0,PushPop,:model.layers.7.self_attn.q_proj
0.0,64589,1,64589.0,64589.0,64589,64589,0.0,PushPop,:model.layers.13.mlp.down_proj
0.0,64529,1,64529.0,64529.0,64529,64529,0.0,PushPop,:model.layers.19.self_attn.k_proj
0.0,64129,1,64129.0,64129.0,64129,64129,0.0,PushPop,:model.layers.17.mlp.gate_proj
0.0,63119,1,63119.0,63119.0,63119,63119,0.0,PushPop,:model.layers.26.self_attn.v_proj
0.0,62589,1,62589.0,62589.0,62589,62589,0.0,PushPop,:model.layers.27.mlp.gate_proj
0.0,62400,1,62400.0,62400.0,62400,62400,0.0,PushPop,:model.layers.1.self_attn.o_proj
0.0,62020,1,62020.0,62020.0,62020,62020,0.0,PushPop,:model.layers.5.self_attn.q_proj
0.0,61820,1,61820.0,61820.0,61820,61820,0.0,PushPop,:lm_head
0.0,61219,1,61219.0,61219.0,61219,61219,0.0,PushPop,:model.layers.19.mlp.down_proj
0.0,61140,1,61140.0,61140.0,61140,61140,0.0,PushPop,:model.layers.26.mlp.up_proj
0.0,60960,1,60960.0,60960.0,60960,60960,0.0,PushPop,:model.layers.8.self_attn.o_proj
0.0,60950,1,60950.0,60950.0,60950,60950,0.0,PushPop,:model.layers.6.self_attn.o_proj
0.0,60870,1,60870.0,60870.0,60870,60870,0.0,PushPop,:model.layers.0.mlp.gate_proj
0.0,60770,1,60770.0,60770.0,60770,60770,0.0,PushPop,:model.layers.10.self_attn.o_proj
0.0,60750,1,60750.0,60750.0,60750,60750,0.0,PushPop,:model.layers.4.self_attn.o_proj
0.0,60319,1,60319.0,60319.0,60319,60319,0.0,PushPop,:model.layers.2.self_attn.o_proj
0.0,60159,1,60159.0,60159.0,60159,60159,0.0,PushPop,:model.layers.5.self_attn.o_proj
0.0,60070,1,60070.0,60070.0,60070,60070,0.0,PushPop,:model.layers.24.self_attn.o_proj
0.0,60040,1,60040.0,60040.0,60040,60040,0.0,PushPop,:model.layers.19.self_attn.o_proj
0.0,59970,1,59970.0,59970.0,59970,59970,0.0,PushPop,:model.layers.12.self_attn.o_proj
0.0,59970,1,59970.0,59970.0,59970,59970,0.0,PushPop,:model.layers.22.mlp.down_proj
0.0,59969,1,59969.0,59969.0,59969,59969,0.0,PushPop,:model.layers.20.self_attn.o_proj
0.0,59960,1,59960.0,59960.0,59960,59960,0.0,PushPop,:model.layers.27.self_attn.o_proj
0.0,59950,1,59950.0,59950.0,59950,59950,0.0,PushPop,:model.layers.11.self_attn.o_proj
0.0,59900,1,59900.0,59900.0,59900,59900,0.0,PushPop,:model.layers.21.self_attn.o_proj
0.0,59860,1,59860.0,59860.0,59860,59860,0.0,PushPop,:model.layers.26.self_attn.o_proj
0.0,59839,1,59839.0,59839.0,59839,59839,0.0,PushPop,:model.layers.3.self_attn.o_proj
0.0,59830,1,59830.0,59830.0,59830,59830,0.0,PushPop,:model.layers.22.self_attn.o_proj
0.0,59799,1,59799.0,59799.0,59799,59799,0.0,PushPop,:model.layers.25.self_attn.o_proj
0.0,59750,1,59750.0,59750.0,59750,59750,0.0,PushPop,:model.layers.13.self_attn.o_proj
0.0,59599,1,59599.0,59599.0,59599,59599,0.0,PushPop,:model.layers.15.self_attn.o_proj
0.0,59400,1,59400.0,59400.0,59400,59400,0.0,PushPop,:model.layers.9.self_attn.o_proj
0.0,59330,1,59330.0,59330.0,59330,59330,0.0,PushPop,:model.layers.23.self_attn.o_proj
0.0,58799,1,58799.0,58799.0,58799,58799,0.0,PushPop,:model.layers.4.mlp.gate_proj
0.0,58720,1,58720.0,58720.0,58720,58720,0.0,PushPop,:model.layers.20.self_attn.q_proj
0.0,57869,1,57869.0,57869.0,57869,57869,0.0,PushPop,:model.layers.18.self_attn.q_proj
0.0,57740,1,57740.0,57740.0,57740,57740,0.0,PushPop,:model.layers.6.self_attn.q_proj
0.0,57549,1,57549.0,57549.0,57549,57549,0.0,PushPop,:model.layers.21.self_attn.q_proj
0.0,57220,1,57220.0,57220.0,57220,57220,0.0,PushPop,:model.layers.17.self_attn.v_proj
0.0,57059,1,57059.0,57059.0,57059,57059,0.0,PushPop,:model.layers.9.self_attn.q_proj
0.0,56799,1,56799.0,56799.0,56799,56799,0.0,PushPop,:model.layers.11.self_attn.q_proj
0.0,56650,1,56650.0,56650.0,56650,56650,0.0,PushPop,:model.layers.3.self_attn.q_proj
0.0,56310,1,56310.0,56310.0,56310,56310,0.0,PushPop,:model.layers.3.self_attn.v_proj
0.0,56249,1,56249.0,56249.0,56249,56249,0.0,PushPop,:model.layers.2.self_attn.q_proj
0.0,56130,1,56130.0,56130.0,56130,56130,0.0,PushPop,:model.layers.4.self_attn.q_proj
0.0,56090,1,56090.0,56090.0,56090,56090,0.0,PushPop,:model.layers.9.mlp.gate_proj
0.0,56029,1,56029.0,56029.0,56029,56029,0.0,PushPop,:model.layers.0.mlp.down_proj
0.0,55939,1,55939.0,55939.0,55939,55939,0.0,PushPop,:model.layers.10.self_attn.q_proj
0.0,55870,1,55870.0,55870.0,55870,55870,0.0,PushPop,:model.layers.13.self_attn.q_proj
0.0,55640,1,55640.0,55640.0,55640,55640,0.0,PushPop,:model.layers.1.mlp.gate_proj
0.0,55440,1,55440.0,55440.0,55440,55440,0.0,PushPop,:model.layers.6.mlp.gate_proj
0.0,55400,1,55400.0,55400.0,55400,55400,0.0,PushPop,:model.layers.20.mlp.gate_proj
0.0,55349,1,55349.0,55349.0,55349,55349,0.0,PushPop,:model.layers.26.self_attn.q_proj
0.0,55110,1,55110.0,55110.0,55110,55110,0.0,PushPop,:model.layers.16.mlp.gate_proj
0.0,54929,1,54929.0,54929.0,54929,54929,0.0,PushPop,:model.layers.24.self_attn.q_proj
0.0,54839,1,54839.0,54839.0,54839,54839,0.0,PushPop,:model.layers.25.self_attn.q_proj
0.0,54829,1,54829.0,54829.0,54829,54829,0.0,PushPop,:model.layers.15.self_attn.q_proj
0.0,54609,1,54609.0,54609.0,54609,54609,0.0,PushPop,:model.layers.7.mlp.gate_proj
0.0,54580,1,54580.0,54580.0,54580,54580,0.0,PushPop,:model.layers.8.self_attn.q_proj
0.0,54570,1,54570.0,54570.0,54570,54570,0.0,PushPop,:model.layers.12.mlp.gate_proj
0.0,54389,1,54389.0,54389.0,54389,54389,0.0,PushPop,:model.layers.22.mlp.gate_proj
0.0,54330,1,54330.0,54330.0,54330,54330,0.0,PushPop,:model.layers.18.mlp.gate_proj
0.0,54200,1,54200.0,54200.0,54200,54200,0.0,PushPop,:model.layers.10.mlp.gate_proj
0.0,54150,1,54150.0,54150.0,54150,54150,0.0,PushPop,:model.layers.23.self_attn.q_proj
0.0,54140,1,54140.0,54140.0,54140,54140,0.0,PushPop,:model.layers.26.mlp.gate_proj
0.0,54090,1,54090.0,54090.0,54090,54090,0.0,PushPop,:model.layers.5.mlp.gate_proj
0.0,53969,1,53969.0,53969.0,53969,53969,0.0,PushPop,:model.layers.13.mlp.gate_proj
0.0,53940,1,53940.0,53940.0,53940,53940,0.0,PushPop,:model.layers.24.mlp.down_proj
0.0,53850,1,53850.0,53850.0,53850,53850,0.0,PushPop,:model.layers.14.mlp.gate_proj
0.0,53770,1,53770.0,53770.0,53770,53770,0.0,PushPop,:model.layers.24.mlp.gate_proj
0.0,53740,1,53740.0,53740.0,53740,53740,0.0,PushPop,:model.layers.19.self_attn.q_proj
0.0,53740,1,53740.0,53740.0,53740,53740,0.0,PushPop,:model.layers.27.self_attn.q_proj
0.0,53220,1,53220.0,53220.0,53220,53220,0.0,PushPop,:model.layers.5.mlp.down_proj
0.0,53090,1,53090.0,53090.0,53090,53090,0.0,PushPop,:model.layers.3.mlp.gate_proj
0.0,53060,1,53060.0,53060.0,53060,53060,0.0,PushPop,:model.layers.2.self_attn.k_proj
0.0,52890,1,52890.0,52890.0,52890,52890,0.0,PushPop,:model.layers.14.self_attn.v_proj
0.0,52670,1,52670.0,52670.0,52670,52670,0.0,PushPop,:model.layers.15.mlp.gate_proj
0.0,52630,1,52630.0,52630.0,52630,52630,0.0,PushPop,:model.layers.11.mlp.gate_proj
0.0,52490,1,52490.0,52490.0,52490,52490,0.0,PushPop,:model.layers.9.mlp.act_fn
0.0,52340,1,52340.0,52340.0,52340,52340,0.0,PushPop,:model.layers.5.self_attn.v_proj
0.0,52200,1,52200.0,52200.0,52200,52200,0.0,PushPop,:model.layers.3.mlp.down_proj
0.0,52130,1,52130.0,52130.0,52130,52130,0.0,PushPop,:model.layers.1.mlp.down_proj
0.0,52039,1,52039.0,52039.0,52039,52039,0.0,PushPop,:model.layers.23.mlp.down_proj
0.0,52019,1,52019.0,52019.0,52019,52019,0.0,PushPop,:model.layers.8.self_attn.k_proj
0.0,51770,1,51770.0,51770.0,51770,51770,0.0,PushPop,:model.layers.21.mlp.down_proj
0.0,51570,1,51570.0,51570.0,51570,51570,0.0,PushPop,:model.layers.0.self_attn.v_proj
0.0,51490,1,51490.0,51490.0,51490,51490,0.0,PushPop,:model.layers.6.mlp.down_proj
0.0,51340,1,51340.0,51340.0,51340,51340,0.0,PushPop,:model.layers.2.mlp.down_proj
0.0,51300,1,51300.0,51300.0,51300,51300,0.0,PushPop,:model.layers.1.self_attn.v_proj
0.0,51250,1,51250.0,51250.0,51250,51250,0.0,PushPop,:model.layers.5.self_attn.k_proj
0.0,51230,1,51230.0,51230.0,51230,51230,0.0,PushPop,:model.layers.25.self_attn.k_proj
0.0,51020,1,51020.0,51020.0,51020,51020,0.0,PushPop,:model.layers.27.self_attn.k_proj
0.0,50960,1,50960.0,50960.0,50960,50960,0.0,PushPop,:model.layers.27.mlp.down_proj
0.0,50930,1,50930.0,50930.0,50930,50930,0.0,PushPop,:model.layers.9.self_attn.v_proj
0.0,50920,1,50920.0,50920.0,50920,50920,0.0,PushPop,:model.layers.9.mlp.down_proj
0.0,50820,1,50820.0,50820.0,50820,50820,0.0,PushPop,:model.layers.26.mlp.down_proj
0.0,50579,1,50579.0,50579.0,50579,50579,0.0,PushPop,:model.layers.8.mlp.down_proj
0.0,50499,1,50499.0,50499.0,50499,50499,0.0,PushPop,:model.layers.7.mlp.down_proj
0.0,50479,1,50479.0,50479.0,50479,50479,0.0,PushPop,:model.layers.6.self_attn.v_proj
0.0,50430,1,50430.0,50430.0,50430,50430,0.0,PushPop,:model.layers.10.mlp.down_proj
0.0,50119,1,50119.0,50119.0,50119,50119,0.0,PushPop,:model.layers.23.mlp.up_proj
0.0,50049,1,50049.0,50049.0,50049,50049,0.0,PushPop,:model.layers.5.mlp.up_proj
0.0,50040,1,50040.0,50040.0,50040,50040,0.0,PushPop,:model.layers.12.mlp.down_proj
0.0,50040,1,50040.0,50040.0,50040,50040,0.0,PushPop,:model.layers.15.mlp.down_proj
0.0,50030,1,50030.0,50030.0,50030,50030,0.0,PushPop,:model.layers.14.mlp.down_proj
0.0,49960,1,49960.0,49960.0,49960,49960,0.0,PushPop,:model.layers.17.mlp.up_proj
0.0,49750,1,49750.0,49750.0,49750,49750,0.0,PushPop,:model.layers.19.mlp.up_proj
0.0,49720,1,49720.0,49720.0,49720,49720,0.0,PushPop,:model.layers.6.self_attn.k_proj
0.0,49619,1,49619.0,49619.0,49619,49619,0.0,PushPop,:model.layers.13.self_attn.v_proj
0.0,49470,1,49470.0,49470.0,49470,49470,0.0,PushPop,:model.layers.11.mlp.down_proj
0.0,49370,1,49370.0,49370.0,49370,49370,0.0,PushPop,:model.layers.13.self_attn.k_proj
0.0,49360,1,49360.0,49360.0,49360,49360,0.0,PushPop,:model.layers.22.self_attn.k_proj
0.0,49320,1,49320.0,49320.0,49320,49320,0.0,PushPop,:model.layers.10.self_attn.k_proj
0.0,49260,1,49260.0,49260.0,49260,49260,0.0,PushPop,:model.layers.25.mlp.down_proj
0.0,49250,1,49250.0,49250.0,49250,49250,0.0,PushPop,:model.layers.26.self_attn.k_proj
0.0,49220,1,49220.0,49220.0,49220,49220,0.0,PushPop,:model.layers.9.self_attn.k_proj
0.0,49179,1,49179.0,49179.0,49179,49179,0.0,PushPop,:model.layers.27.self_attn.v_proj
0.0,49159,1,49159.0,49159.0,49159,49159,0.0,PushPop,:model.layers.1.self_attn.k_proj
0.0,49129,1,49129.0,49129.0,49129,49129,0.0,PushPop,:model.layers.4.self_attn.v_proj
0.0,49019,1,49019.0,49019.0,49019,49019,0.0,PushPop,:model.layers.21.self_attn.v_proj
0.0,48950,1,48950.0,48950.0,48950,48950,0.0,PushPop,:model.layers.3.self_attn.k_proj
0.0,48840,1,48840.0,48840.0,48840,48840,0.0,PushPop,:model.layers.15.self_attn.k_proj
0.0,48830,1,48830.0,48830.0,48830,48830,0.0,PushPop,:model.layers.7.self_attn.k_proj
0.0,48570,1,48570.0,48570.0,48570,48570,0.0,PushPop,:model.layers.4.self_attn.k_proj
0.0,48560,1,48560.0,48560.0,48560,48560,0.0,PushPop,:model.layers.7.mlp.up_proj
0.0,48519,1,48519.0,48519.0,48519,48519,0.0,PushPop,:model.layers.9.mlp.up_proj
0.0,48469,1,48469.0,48469.0,48469,48469,0.0,PushPop,:model.layers.2.self_attn.v_proj
0.0,48439,1,48439.0,48439.0,48439,48439,0.0,PushPop,:model.layers.14.self_attn.k_proj
0.0,48420,1,48420.0,48420.0,48420,48420,0.0,PushPop,:model.layers.20.self_attn.v_proj
0.0,48390,1,48390.0,48390.0,48390,48390,0.0,PushPop,:model.layers.10.self_attn.v_proj
0.0,48340,1,48340.0,48340.0,48340,48340,0.0,PushPop,:model.layers.12.self_attn.k_proj
0.0,48289,1,48289.0,48289.0,48289,48289,0.0,PushPop,:model.layers.20.self_attn.k_proj
0.0,48030,1,48030.0,48030.0,48030,48030,0.0,PushPop,:model.layers.8.mlp.up_proj
0.0,47940,1,47940.0,47940.0,47940,47940,0.0,PushPop,:model.layers.7.self_attn.v_proj
0.0,47929,1,47929.0,47929.0,47929,47929,0.0,PushPop,:model.layers.16.self_attn.v_proj
0.0,47900,1,47900.0,47900.0,47900,47900,0.0,PushPop,:model.layers.16.self_attn.k_proj
0.0,47900,1,47900.0,47900.0,47900,47900,0.0,PushPop,:model.layers.23.self_attn.v_proj
0.0,47840,1,47840.0,47840.0,47840,47840,0.0,PushPop,:model.layers.19.self_attn.v_proj
0.0,47699,1,47699.0,47699.0,47699,47699,0.0,PushPop,:model.layers.15.mlp.up_proj
0.0,47630,1,47630.0,47630.0,47630,47630,0.0,PushPop,:model.layers.24.self_attn.k_proj
0.0,47590,1,47590.0,47590.0,47590,47590,0.0,PushPop,:model.layers.11.self_attn.k_proj
0.0,47569,1,47569.0,47569.0,47569,47569,0.0,PushPop,:model.layers.11.self_attn.v_proj
0.0,47480,1,47480.0,47480.0,47480,47480,0.0,PushPop,:model.layers.15.self_attn.v_proj
0.0,47469,1,47469.0,47469.0,47469,47469,0.0,PushPop,:model.layers.2.mlp.up_proj
0.0,47270,1,47270.0,47270.0,47270,47270,0.0,PushPop,:model.layers.0.mlp.up_proj
0.0,47270,1,47270.0,47270.0,47270,47270,0.0,PushPop,:model.layers.8.self_attn.v_proj
0.0,47260,1,47260.0,47260.0,47260,47260,0.0,PushPop,:model.layers.22.self_attn.v_proj
0.0,47220,1,47220.0,47220.0,47220,47220,0.0,PushPop,:model.layers.25.self_attn.v_proj
0.0,47180,1,47180.0,47180.0,47180,47180,0.0,PushPop,:model.layers.12.self_attn.v_proj
0.0,46770,1,46770.0,46770.0,46770,46770,0.0,PushPop,:model.layers.18.self_attn.v_proj
0.0,46360,1,46360.0,46360.0,46360,46360,0.0,PushPop,:model.layers.11.mlp.up_proj
0.0,45300,1,45300.0,45300.0,45300,45300,0.0,PushPop,:model.layers.13.mlp.up_proj
0.0,44350,1,44350.0,44350.0,44350,44350,0.0,PushPop,:model.layers.4.mlp.up_proj
0.0,44180,1,44180.0,44180.0,44180,44180,0.0,PushPop,:model.layers.27.mlp.up_proj
0.0,44130,1,44130.0,44130.0,44130,44130,0.0,PushPop,:model.layers.10.mlp.up_proj
0.0,43550,1,43550.0,43550.0,43550,43550,0.0,PushPop,:model.layers.6.mlp.up_proj
0.0,43469,1,43469.0,43469.0,43469,43469,0.0,PushPop,:model.layers.25.mlp.up_proj
0.0,43330,1,43330.0,43330.0,43330,43330,0.0,PushPop,:model.layers.20.mlp.up_proj
0.0,43290,1,43290.0,43290.0,43290,43290,0.0,PushPop,:model.layers.21.mlp.up_proj
0.0,42990,1,42990.0,42990.0,42990,42990,0.0,PushPop,:model.layers.22.mlp.up_proj
0.0,42870,1,42870.0,42870.0,42870,42870,0.0,PushPop,:model.layers.14.mlp.up_proj
0.0,42720,1,42720.0,42720.0,42720,42720,0.0,PushPop,:model.layers.18.mlp.up_proj
0.0,42280,1,42280.0,42280.0,42280,42280,0.0,PushPop,:model.layers.12.mlp.up_proj
0.0,42169,1,42169.0,42169.0,42169,42169,0.0,PushPop,:model.layers.16.mlp.up_proj
0.0,42060,1,42060.0,42060.0,42060,42060,0.0,PushPop,:model.layers.24.mlp.up_proj
0.0,41360,1,41360.0,41360.0,41360,41360,0.0,PushPop,:model.layers.13.mlp.act_fn
0.0,39969,1,39969.0,39969.0,39969,39969,0.0,PushPop,:model.layers.11.mlp.act_fn
0.0,39830,1,39830.0,39830.0,39830,39830,0.0,PushPop,:model.layers.15.mlp.act_fn
0.0,36999,1,36999.0,36999.0,36999,36999,0.0,PushPop,:model.layers.0.mlp.act_fn
0.0,35390,1,35390.0,35390.0,35390,35390,0.0,PushPop,:model.layers.19.mlp.act_fn
0.0,30140,1,30140.0,30140.0,30140,30140,0.0,PushPop,:model.layers.17.mlp.act_fn
0.0,26470,1,26470.0,26470.0,26470,26470,0.0,PushPop,:model.layers.8.mlp.act_fn
0.0,26140,1,26140.0,26140.0,26140,26140,0.0,PushPop,:model.layers.1.mlp.act_fn
0.0,26049,1,26049.0,26049.0,26049,26049,0.0,PushPop,:model.layers.2.mlp.act_fn
0.0,24600,1,24600.0,24600.0,24600,24600,0.0,PushPop,:model.layers.6.mlp.act_fn
0.0,24469,1,24469.0,24469.0,24469,24469,0.0,PushPop,:model.layers.27.mlp.act_fn
0.0,24330,1,24330.0,24330.0,24330,24330,0.0,PushPop,:model.layers.20.mlp.act_fn
0.0,24250,1,24250.0,24250.0,24250,24250,0.0,PushPop,:model.layers.23.mlp.act_fn
0.0,24220,1,24220.0,24220.0,24220,24220,0.0,PushPop,:model.layers.21.mlp.act_fn
0.0,23970,1,23970.0,23970.0,23970,23970,0.0,PushPop,:model.layers.4.mlp.act_fn
0.0,23930,1,23930.0,23930.0,23930,23930,0.0,PushPop,:model.layers.3.mlp.act_fn
0.0,23869,1,23869.0,23869.0,23869,23869,0.0,PushPop,:model.layers.25.mlp.act_fn
0.0,23510,1,23510.0,23510.0,23510,23510,0.0,PushPop,:model.layers.5.mlp.act_fn
0.0,23340,1,23340.0,23340.0,23340,23340,0.0,PushPop,:model.layers.7.mlp.act_fn
0.0,23300,1,23300.0,23300.0,23300,23300,0.0,PushPop,:model.layers.12.mlp.act_fn
0.0,23230,1,23230.0,23230.0,23230,23230,0.0,PushPop,:model.layers.10.mlp.act_fn
0.0,23090,1,23090.0,23090.0,23090,23090,0.0,PushPop,:model.layers.18.mlp.act_fn
0.0,23020,1,23020.0,23020.0,23020,23020,0.0,PushPop,:model.layers.22.mlp.act_fn
0.0,23020,1,23020.0,23020.0,23020,23020,0.0,PushPop,:model.layers.26.mlp.act_fn
0.0,22820,1,22820.0,22820.0,22820,22820,0.0,PushPop,:model.layers.24.mlp.act_fn
0.0,22770,1,22770.0,22770.0,22770,22770,0.0,PushPop,:model.layers.16.mlp.act_fn
0.0,22590,1,22590.0,22590.0,22590,22590,0.0,PushPop,:model.layers.14.mlp.act_fn
